File,Line,Column,Level,Category,Name,Warning,Suggestion,Note,CWEs,Context,Fingerprint
/home/capstone/Desktop/root/cron-3.0pl1/crontab.c,914,6,5,race,chmod,"This accepts filename arguments; if an attacker can move those files, a race condition results. (CWE-362)",Use fchmod( ) instead,,CWE-362,"	if (chmod(tn, 0600) < OK)",cedcd474a4a6cf806436e1a3abce349a884acb55ab89906b30b6dd082af90a49
/home/capstone/Desktop/root/cron-3.0pl1/crontab.c,930,7,5,race,chown,"This accepts filename arguments; if an attacker can move those files, a race condition results. (CWE-362)",Use fchown( ) instead,,CWE-362,"		if (chown(tn, pw->pw_uid, -1) != 0) {",3f4f6dddde82e0c2bf65991fc38e6fca13af67903991f830952cddecce81c525
/home/capstone/Desktop/root/cron-3.0pl1/misc.c,256,13,5,race,chown,"This accepts filename arguments; if an attacker can move those files, a race condition results. (CWE-362)",Use fchown( ) instead,,CWE-362,"		if (OK == chown(SPOOL_DIR, -1, gr->gr_gid)) {",dc42ae6738250db1d1300033845be3ed2a8259c736b689d7165b5dd7321d76d6
/home/capstone/Desktop/root/cron-3.0pl1/compat.c,60,9,4,buffer,strcpy,Does not check for buffer overflows when copying to destination [MS-banned] (CWE-120),"Consider using snprintf, strcpy_s, or strlcpy (warning: strncpy easily misused)",,CWE-120,"	(void) strcpy(temp, str);",ca1413b23be64684474991fa97d89051a0904203c6391e7a151e98a9bc7881e8
/home/capstone/Desktop/root/cron-3.0pl1/cron.c,282,6,4,race,access,"This usually indicates a security flaw.  If an attacker can change anything along the path between the call to access() and the file's actual use (e.g., by moving files), the attacker can exploit the race condition (CWE-362/CWE-367!)","Set up the correct permissions (e.g., using setuid()) and try to open the file directly",,CWE-362/CWE-367!,"	if (access(REBOOT_FILE, F_OK) == 0) {",5a310c6600ab07a9fd1bd57dae079d0e6f87fd2b5b1688517052e34bcf3f9595
/home/capstone/Desktop/root/cron-3.0pl1/cron.h,125,5,4,format,printf,"If format strings can be influenced by an attacker, they can be exploited (CWE-134)",Use a constant for the format specification,,CWE-134,				printf message;,6ab7d2f404e68cc20c3a90f403947c49a03b5cad4b6c7b6fb2801f787d90b8a5
/home/capstone/Desktop/root/cron-3.0pl1/crontab.c,305,9,4,format,snprintf,"If format strings can be influenced by an attacker, they can be exploited, and note that sprintf variations do not always \0-terminate (CWE-134)",Use a constant for the format specification,,CWE-134,"	(void) snprintf(n, MAX_FNAME, CRON_TAB(User));",a6d7b30f2fd3a9fb395f5a1dc85038bf8c51658d7124b89cb9860d2e5e0c15bc
/home/capstone/Desktop/root/cron-3.0pl1/crontab.c,359,9,4,format,snprintf,"If format strings can be influenced by an attacker, they can be exploited, and note that sprintf variations do not always \0-terminate (CWE-134)",Use a constant for the format specification,,CWE-134,"	(void) snprintf(n, MAX_FNAME, CRON_TAB(User));",a6d7b30f2fd3a9fb395f5a1dc85038bf8c51658d7124b89cb9860d2e5e0c15bc
/home/capstone/Desktop/root/cron-3.0pl1/crontab.c,421,3,4,buffer,strcpy,Does not check for buffer overflows when copying to destination [MS-banned] (CWE-120),"Consider using snprintf, strcpy_s, or strlcpy (warning: strncpy easily misused)",,CWE-120,"		strcpy(Directory, tmp);",aff6e403a684adb315db3de1383fe63ae49d8b85a5dd57dbaea6deba0000b1c9
/home/capstone/Desktop/root/cron-3.0pl1/crontab.c,427,3,4,buffer,strcat,Does not check for buffer overflows when concatenating to destination [MS-banned] (CWE-120),"Consider using strcat_s, strncat, strlcat, or snprintf (warning: strncat is easily misused)",,CWE-120,"		strcat(Directory, template);",d968384b5bda3d8ac1a91d561b9217bb0994398a6f7af93ccd089ec6cd375e03
/home/capstone/Desktop/root/cron-3.0pl1/crontab.c,555,9,4,format,snprintf,"If format strings can be influenced by an attacker, they can be exploited, and note that sprintf variations do not always \0-terminate (CWE-134)",Use a constant for the format specification,,CWE-134,"	(void) snprintf(n, MAX_FNAME, CRON_TAB(User));",a6d7b30f2fd3a9fb395f5a1dc85038bf8c51658d7124b89cb9860d2e5e0c15bc
/home/capstone/Desktop/root/cron-3.0pl1/crontab.c,690,3,4,shell,execlp,This causes a new program to execute and is difficult to use safely (CWE-78),try using a library call that implements the same functionality if available,,CWE-78,"		execlp(_PATH_BSHELL, _PATH_BSHELL, ""-c"", q, NULL);",5bd88b3f14af517f72a3aa991b7beb9e2e8ce344e2b0f73c514d75281b46d774
/home/capstone/Desktop/root/cron-3.0pl1/crontab.c,828,9,4,format,snprintf,"If format strings can be influenced by an attacker, they can be exploited, and note that sprintf variations do not always \0-terminate (CWE-134)",Use a constant for the format specification,,CWE-134,"	(void) snprintf(tn, MAX_FNAME, CRON_TAB(""tmp.XXXXXX""));",6a1e342a6d9a5789ffa72fafe2ccb95aabfa29f32f8d41da98da1772728cdcb4
/home/capstone/Desktop/root/cron-3.0pl1/crontab.c,937,9,4,format,snprintf,"If format strings can be influenced by an attacker, they can be exploited, and note that sprintf variations do not always \0-terminate (CWE-134)",Use a constant for the format specification,,CWE-134,"	(void) snprintf(n, sizeof(n), CRON_TAB(User));",77d0e6f4c14b35f73e666ce5ff9d3e8c6b48949a91bd40775262050cb2ca9f01
/home/capstone/Desktop/root/cron-3.0pl1/database.c,121,4,4,buffer,sprintf,Does not check for buffer overflows (CWE-120),"Use sprintf_s, snprintf, or vsnprintf",,CWE-120,"			sprintf(syscrond_fname, ""%s/%s"", SYSCRONDIR,",bb267e3691e39c89f88928b9201a972e9f51b87acc4177abb3ac2607d83e6658
/home/capstone/Desktop/root/cron-3.0pl1/database.c,195,10,4,buffer,strcat,Does not check for buffer overflows when concatenating to destination [MS-banned] (CWE-120),"Consider using strcat_s, strncat, strlcat, or snprintf (warning: strncat is easily misused)",,CWE-120,"		(void) strcat(fname, dp->d_name);",ca3114c1f90f48f21f37900dec74a8089552df8ad9dc65643acfef881956ff73
/home/capstone/Desktop/root/cron-3.0pl1/database.c,196,3,4,buffer,sprintf,Does not check for buffer overflows (CWE-120),"Use sprintf_s, snprintf, or vsnprintf",,CWE-120,"		sprintf(tabname,""%s/%s"", SYSCRONDIR, dp->d_name);",cdcfef29509b846d48062f85452adcc8b2fe6064e5d1ce47aa2d327144d5434c
/home/capstone/Desktop/root/cron-3.0pl1/database.c,227,10,4,buffer,strcpy,Does not check for buffer overflows when copying to destination [MS-banned] (CWE-120),"Consider using snprintf, strcpy_s, or strlcpy (warning: strncpy easily misused)",,CWE-120,"		(void) strcpy(fname, dp->d_name);",ae224b6fcfc48fad6d01d4e10c5d014001f9214c388906644344f5de53fa0c0d
/home/capstone/Desktop/root/cron-3.0pl1/database.c,228,3,4,format,snprintf,"If format strings can be influenced by an attacker, they can be exploited, and note that sprintf variations do not always \0-terminate (CWE-134)",Use a constant for the format specification,,CWE-134,"		snprintf(tabname, PATH_MAX+1, CRON_TAB(fname));",96d4e9643f134411a131802eb118042c9f5d570e2622ad5c91f0100c8070226e
/home/capstone/Desktop/root/cron-3.0pl1/do_command.c,361,4,4,shell,execle,This causes a new program to execute and is difficult to use safely (CWE-78),try using a library call that implements the same functionality if available,,CWE-78,"			execle(shell, shell, ""-c"", e->cmd, (char *)0, jobenv);",42783079d261655ee380ca2f382489e1e1b21316a254780f7ed1532e3d7b1a69
/home/capstone/Desktop/root/cron-3.0pl1/do_command.c,540,9,4,format,snprintf,"If format strings can be influenced by an attacker, they can be exploited, and note that sprintf variations do not always \0-terminate (CWE-134)",Use a constant for the format specification,,CWE-134,"	(void) snprintf(mailcmd, sizeof(mailcmd),",eaa2c063db995c74df28d304791f5c7bf73d6c9c4cc2c345f5f4a6aa2163a191
/home/capstone/Desktop/root/cron-3.0pl1/env.c,260,13,4,buffer,strcpy,Does not check for buffer overflows when copying to destination [MS-banned] (CWE-120),"Consider using snprintf, strcpy_s, or strlcpy (warning: strncpy easily misused)",,CWE-120,"					(void) strcpy(val, val+1);",988911866cb82a877ab1b2dd8b3dec7b416187f4312e7873ff99471b2f30837d
/home/capstone/Desktop/root/cron-3.0pl1/env.c,268,9,4,buffer,sprintf,Does not check for buffer overflows (CWE-120),"Use sprintf_s, snprintf, or vsnprintf",,CWE-120,"	(void) sprintf(envstr, ""%s=%s"", name, val);",e25485f6976ff71d7f3a0faf8a518b56ff350da6e99e988775cd706a8a3e0cd7
/home/capstone/Desktop/root/cron-3.0pl1/externs.h,62,26,4,buffer,strcpy,Does not check for buffer overflows when copying to destination [MS-banned] (CWE-120),"Consider using snprintf, strcpy_s, or strlcpy (warning: strncpy easily misused)",,CWE-120,"extern	char		*getenv(), *strcpy(), *strchr(), *strtok();",0499aac7d7cefce0a1c6688b6102c94bff1420eea4f4fdcdccf233a404c74476
/home/capstone/Desktop/root/cron-3.0pl1/misc.c,299,10,4,format,snprintf,"If format strings can be influenced by an attacker, they can be exploited, and note that sprintf variations do not always \0-terminate (CWE-134)",Use a constant for the format specification,,CWE-134,"		(void) snprintf(pidfile, MAX_FNAME, PIDFILE, PIDDIR);",8bedb6f5113b053ead38b95deda506df9efcef53a3b8344b58c8231416bc5192
/home/capstone/Desktop/root/cron-3.0pl1/popen.c,152,3,4,shell,execvp,This causes a new program to execute and is difficult to use safely (CWE-78),try using a library call that implements the same functionality if available,,CWE-78,"		execvp(gargv[0], gargv);",285fc4ae242b04872754c336c242035fc592552444440fdfff5903e23dbf845d
/home/capstone/Desktop/root/cron-3.0pl1/popen.c,154,3,4,shell,execvp,This causes a new program to execute and is difficult to use safely (CWE-78),try using a library call that implements the same functionality if available,,CWE-78,"		execvp(argv[0], argv);",053dce70818b4a03dc9995a47be7b455711839ef6c997cb41e78530f74d0c97e
/home/capstone/Desktop/root/cron-3.0pl1/compat.c,226,19,3,buffer,getenv,"Environment variables are untrustable input if they can be set by an attacker.  They can have any content and length, and the same variable can be set more than once (CWE-807, CWE-20)",Check environment variables carefully before using them,,"CWE-807, CWE-20",	if (overwrite && getenv(name)),a3e30dadfcc2036565a1647a7fd8185b0cc98d40a9c5d09220478c3366e9a829
/home/capstone/Desktop/root/cron-3.0pl1/cron.c,468,25,3,buffer,getopt,"Some older implementations do not protect against internal buffer overflows (CWE-120, CWE-20)","Check implementation on installation, or limit the size of all string inputs",,"CWE-120, CWE-20","	while (EOF != (argch = getopt(argc, argv, getoptarg))) {",47669575aee7568c57f9ea9dc5523a97fa0c7e024830a3a0fcaaa1c18f2651d1
/home/capstone/Desktop/root/cron-3.0pl1/crontab.c,183,25,3,buffer,getopt,"Some older implementations do not protect against internal buffer overflows (CWE-120, CWE-20)","Check implementation on installation, or limit the size of all string inputs",,"CWE-120, CWE-20","	while (EOF != (argch = getopt(argc, argv, getoptarg))) {",47669575aee7568c57f9ea9dc5523a97fa0c7e024830a3a0fcaaa1c18f2651d1
/home/capstone/Desktop/root/cron-3.0pl1/crontab.c,323,15,3,buffer,getenv,"Environment variables are untrustable input if they can be set by an attacker.  They can have any content and length, and the same variable can be set more than once (CWE-807, CWE-20)",Check environment variables carefully before using them,,"CWE-807, CWE-20","	if (!(ctnh = getenv(""CRONTAB_NOHEADER"")) || toupper(*ctnh) != 'N') {",c03a310a06c2be2c72892c3289ff17d1dc93bb3ad35498d5829d886a4bde2d60
/home/capstone/Desktop/root/cron-3.0pl1/crontab.c,420,11,3,buffer,getenv,"Environment variables are untrustable input if they can be set by an attacker.  They can have any content and length, and the same variable can be set more than once (CWE-807, CWE-20)",Check environment variables carefully before using them,,"CWE-807, CWE-20","	if ((tmp=getenv(""TMPDIR"")) && strlen(tmp) < MAX_FNAME) {",7f5374e21b51d43b085a94cd4b59d7d03158604c7c8e233ad2ef51d648563751
/home/capstone/Desktop/root/cron-3.0pl1/crontab.c,645,19,3,buffer,getenv,"Environment variables are untrustable input if they can be set by an attacker.  They can have any content and length, and the same variable can be set more than once (CWE-807, CWE-20)",Check environment variables carefully before using them,,"CWE-807, CWE-20","	if ((!((editor = getenv(""VISUAL"")) && strlen(editor)))",0ca636c4e2f4563f6dab21d026678a2ab683aba49f6425701de7e5745292d92d
/home/capstone/Desktop/root/cron-3.0pl1/crontab.c,646,19,3,buffer,getenv,"Environment variables are untrustable input if they can be set by an attacker.  They can have any content and length, and the same variable can be set more than once (CWE-807, CWE-20)",Check environment variables carefully before using them,,"CWE-807, CWE-20","	 && (!((editor = getenv(""EDITOR"")) && strlen(editor)))",92fa723b15ae1c7e91ada7496975e34c5201f51637bbc437482d6a306814592c
/home/capstone/Desktop/root/cron-3.0pl1/externs.h,62,15,3,buffer,getenv,"Environment variables are untrustable input if they can be set by an attacker.  They can have any content and length, and the same variable can be set more than once (CWE-807, CWE-20)",Check environment variables carefully before using them,,"CWE-807, CWE-20","extern	char		*getenv(), *strcpy(), *strchr(), *strtok();",0499aac7d7cefce0a1c6688b6102c94bff1420eea4f4fdcdccf233a404c74476
/home/capstone/Desktop/root/cron-3.0pl1/externs.h,80,5,3,buffer,getopt,"Some older implementations do not protect against internal buffer overflows (CWE-120, CWE-20)","Check implementation on installation, or limit the size of all string inputs",,"CWE-120, CWE-20","int	getopt __P((int, char * const *, const char *));",994b7ca116d18c6fc051b797454127638fe6ff1190ff4313a9fb9d7aafbf10e7
/home/capstone/Desktop/root/cron-3.0pl1/compat.c,43,1,2,race,vfork,"On some old systems, vfork() permits race conditions, and it's very difficult to use correctly (CWE-362)",Use fork() instead,,CWE-362,vfork() {,0e8b40dc0ead937bed0a27cfc8a78db2f6e28c2c0b0d18d5c6ef329d6e9e067a
/home/capstone/Desktop/root/cron-3.0pl1/compat.c,73,9,2,buffer,char,"Statically-sized arrays can be improperly restricted, leading to potential overflows or other issues (CWE-119!/CWE-120)","Perform bounds checking, use functions that limit length, or ensure that the size is larger than the maximum possible length",,CWE-119!/CWE-120,	static char buf[32];,701996e4e3c02254e699c8594de20f2b9e16505a1f4c84fb8206c695fc75cd98
/home/capstone/Desktop/root/cron-3.0pl1/compat.c,112,12,2,misc,open,"Check when opening files - can an attacker redirect it (via symlinks), force the opening of special file type (e.g., device files), move things around to create a race condition, control its ancestors, or change its contents? (CWE-362)",,,CWE-362,"	if ((fd = open(""/dev/tty"", 2)) >= 0)",787c0bde66c080ed6b2bbfe89ed04bab04a5734a43c549c723e7781de50ab97e
/home/capstone/Desktop/root/cron-3.0pl1/compat.c,120,30,2,misc,open,"Check when opening files - can an attacker redirect it (via symlinks), force the opening of special file type (e.g., device files), move things around to create a race condition, control its ancestors, or change its contents? (CWE-362)",,,CWE-362,"	(void) close(STDIN);	(void) open(""/dev/null"", 0);",1a0197dc9f87db4da3557a9be2a74806cd5ec116c62c8599d654296df345471d
/home/capstone/Desktop/root/cron-3.0pl1/compat.c,121,31,2,misc,open,"Check when opening files - can an attacker redirect it (via symlinks), force the opening of special file type (e.g., device files), move things around to create a race condition, control its ancestors, or change its contents? (CWE-362)",,,CWE-362,"	(void) close(STDOUT);	(void) open(""/dev/null"", 1);",3553e4e514adb6bb6fe521310cd5f7eb04c456230cae19da74260408c0d1d081
/home/capstone/Desktop/root/cron-3.0pl1/compat.c,122,31,2,misc,open,"Check when opening files - can an attacker redirect it (via symlinks), force the opening of special file type (e.g., device files), move things around to create a race condition, control its ancestors, or change its contents? (CWE-362)",,,CWE-362,"	(void) close(STDERR);	(void) open(""/dev/null"", 2);",9f9564a86d12d0b603c9857e746ba4379bb343101de859f23280741b0563c1e9
/home/capstone/Desktop/root/cron-3.0pl1/cron.c,89,10,2,misc,open,"Check when opening files - can an attacker redirect it (via symlinks), force the opening of special file type (e.g., device files), move things around to create a race condition, control its ancestors, or change its contents? (CWE-362)",,,CWE-362,"		(void) open(""dev/null"", 0);",4705b2434c3a4858e63a48c4c0a5619e5ca489fbdabeff22e7e26ce70687877c
/home/capstone/Desktop/root/cron-3.0pl1/cron.c,112,3,2,buffer,strcpy,Does not check for buffer overflows when copying to destination [MS-banned] (CWE-120),"Consider using snprintf, strcpy_s, or strlcpy (warning: strncpy easily misused)",Risk is low because the source is a constant string.,CWE-120,"		strcpy( cron_default_mail_charset, ""US-ASCII"");",6d6a6a84d474e1c8560ff4aaa691d67457661981fd63f4751a078a3a01f65416
/home/capstone/Desktop/root/cron-3.0pl1/cron.c,479,16,2,integer,atoi,"Unless checked, the resulting number can exceed the expected range (CWE-190)","If source untrusted, check both minimum and maximum, even if the input had no minus sign (large numbers can roll over into negative number; consider saving to an unsigned value if that is intended)",,CWE-190,			log_level = atoi(optarg);,a8d86cf28e95032a58ab728f20bd2efba43933d636376ca2a2364a6c669362b0
/home/capstone/Desktop/root/cron-3.0pl1/cron.h,313,1,2,buffer,char,"Statically-sized arrays can be improperly restricted, leading to potential overflows or other issues (CWE-119!/CWE-120)","Perform bounds checking, use functions that limit length, or ensure that the size is larger than the maximum possible length",,CWE-119!/CWE-120,"char	cron_default_mail_charset[MAX_ENVSTR] = """";",c2f88742ead544341da610200bec2a72889c8326bf92b8b2089822164b2e67ab
/home/capstone/Desktop/root/cron-3.0pl1/cron.h,335,8,2,buffer,char,"Statically-sized arrays can be improperly restricted, leading to potential overflows or other issues (CWE-119!/CWE-120)","Perform bounds checking, use functions that limit length, or ensure that the size is larger than the maximum possible length",,CWE-119!/CWE-120,extern	char	cron_default_mail_charset[MAX_ENVSTR];,824e0e0f79e16f2df594c3760d70c92181954725fc31711a3fcc6a81bee35a17
/home/capstone/Desktop/root/cron-3.0pl1/crontab.c,58,8,2,buffer,char,"Statically-sized arrays can be improperly restricted, leading to potential overflows or other issues (CWE-119!/CWE-120)","Perform bounds checking, use functions that limit length, or ensure that the size is larger than the maximum possible length",,CWE-119!/CWE-120,static	char		Filename[MAX_FNAME];,dd352b7a12e8ab55870c2f011418c626eb93658e851456325a3bed045981bb8c
/home/capstone/Desktop/root/cron-3.0pl1/crontab.c,59,8,2,buffer,char,"Statically-sized arrays can be improperly restricted, leading to potential overflows or other issues (CWE-119!/CWE-120)","Perform bounds checking, use functions that limit length, or ensure that the size is larger than the maximum possible length",,CWE-119!/CWE-120,static	char		Directory[MAX_FNAME];,4c2238f412079c0bee4967169d30832bb65bec9bc397fb10a7e9e57ebe27449d
/home/capstone/Desktop/root/cron-3.0pl1/crontab.c,271,23,2,misc,fopen,"Check when opening files - can an attacker redirect it (via symlinks), force the opening of special file type (e.g., device files), move things around to create a race condition, control its ancestors, or change its contents? (CWE-362)",,,CWE-362,"			if (!(NewCrontab = fopen(Filename, ""r""))) {",7e9cc5b45c4f60d86b1577a285febeb675850ce2a567bd95fa24ecce36657f77
/home/capstone/Desktop/root/cron-3.0pl1/crontab.c,298,2,2,buffer,char,"Statically-sized arrays can be improperly restricted, leading to potential overflows or other issues (CWE-119!/CWE-120)","Perform bounds checking, use functions that limit length, or ensure that the size is larger than the maximum possible length",,CWE-119!/CWE-120,	char	n[MAX_FNAME];,ee40ccbb053b94efb7d1607cc475f2ce8564ba9adca3a1195b28e7eec2603059
/home/capstone/Desktop/root/cron-3.0pl1/crontab.c,306,12,2,misc,fopen,"Check when opening files - can an attacker redirect it (via symlinks), force the opening of special file type (e.g., device files), move things around to create a race condition, control its ancestors, or change its contents? (CWE-362)",,,CWE-362,"	if (!(f = fopen(n, ""r""))) {",05260f85eb320eb76864129863034903e2c56bd6c1179b628e82709898e48270
/home/capstone/Desktop/root/cron-3.0pl1/crontab.c,353,2,2,buffer,char,"Statically-sized arrays can be improperly restricted, leading to potential overflows or other issues (CWE-119!/CWE-120)","Perform bounds checking, use functions that limit length, or ensure that the size is larger than the maximum possible length",,CWE-119!/CWE-120,	char	n[MAX_FNAME];,ee40ccbb053b94efb7d1607cc475f2ce8564ba9adca3a1195b28e7eec2603059
/home/capstone/Desktop/root/cron-3.0pl1/crontab.c,354,2,2,buffer,char,"Statically-sized arrays can be improperly restricted, leading to potential overflows or other issues (CWE-119!/CWE-120)","Perform bounds checking, use functions that limit length, or ensure that the size is larger than the maximum possible length",,CWE-119!/CWE-120,	char	q[MAX_TEMPSTR];,aaeff136e127ad16b3c07b25df8a817dfe05ce3309c3f47b366c49f4dc1f8c67
/home/capstone/Desktop/root/cron-3.0pl1/crontab.c,423,3,2,buffer,strcpy,Does not check for buffer overflows when copying to destination [MS-banned] (CWE-120),"Consider using snprintf, strcpy_s, or strlcpy (warning: strncpy easily misused)",Risk is low because the source is a constant string.,CWE-120,"		strcpy(Directory,""/tmp"");",0d25d27fb8f9e7aa2947fc1fbffed924d355098bd0e3f3644b3d286195e43276
/home/capstone/Desktop/root/cron-3.0pl1/crontab.c,446,11,2,misc,open,"Check when opening files - can an attacker redirect it (via symlinks), force the opening of special file type (e.g., device files), move things around to create a race condition, control its ancestors, or change its contents? (CWE-362)",,,CWE-362,"	if ((nfd=open(Filename, O_CREAT|O_EXCL|O_WRONLY, 0600)) == -1) {",cdf40a802b24754effa6119446b1f136a7b9669a1d5693eda7e46e6e8c93a5e3
/home/capstone/Desktop/root/cron-3.0pl1/crontab.c,465,9,2,misc,open,"Check when opening files - can an attacker redirect it (via symlinks), force the opening of special file type (e.g., device files), move things around to create a race condition, control its ancestors, or change its contents? (CWE-362)",,,CWE-362,"	if ((t=open(Filename, O_RDONLY)) < 0) {",c06a89902ab4d3841fc83b53c5871bed4ad25560f398b7dc49816d76c68a44fd
/home/capstone/Desktop/root/cron-3.0pl1/crontab.c,505,2,2,buffer,char,"Statically-sized arrays can be improperly restricted, leading to potential overflows or other issues (CWE-119!/CWE-120)","Perform bounds checking, use functions that limit length, or ensure that the size is larger than the maximum possible length",,CWE-119!/CWE-120,	char fname[MAX_FNAME];,d0863ce49b36c05a1c8494df6f914862b74de72a8e9b415c79de47eaee1157a2
/home/capstone/Desktop/root/cron-3.0pl1/crontab.c,545,2,2,buffer,char,"Statically-sized arrays can be improperly restricted, leading to potential overflows or other issues (CWE-119!/CWE-120)","Perform bounds checking, use functions that limit length, or ensure that the size is larger than the maximum possible length",,CWE-119!/CWE-120,"	char		n[MAX_FNAME], q[MAX_TEMPSTR], *editor;",ae8146fbd8de786b93885ea831003f73b5693b785cecce9cea6cfbdcce6b205f
/home/capstone/Desktop/root/cron-3.0pl1/crontab.c,556,12,2,misc,fopen,"Check when opening files - can an attacker redirect it (via symlinks), force the opening of special file type (e.g., device files), move things around to create a race condition, control its ancestors, or change its contents? (CWE-362)",,,CWE-362,"	if (!(f = fopen(n, ""r""))) {",05260f85eb320eb76864129863034903e2c56bd6c1179b628e82709898e48270
/home/capstone/Desktop/root/cron-3.0pl1/crontab.c,563,13,2,misc,fopen,"Check when opening files - can an attacker redirect it (via symlinks), force the opening of special file type (e.g., device files), move things around to create a race condition, control its ancestors, or change its contents? (CWE-362)",,,CWE-362,"		if (!(f = fopen(""/dev/null"", ""r""))) {",5fa741fa246b584a285d7040f8fede36a56ef7e57285f126f02d09fd4779d97a
/home/capstone/Desktop/root/cron-3.0pl1/crontab.c,790,8,2,buffer,char,"Statically-sized arrays can be improperly restricted, leading to potential overflows or other issues (CWE-119!/CWE-120)","Perform bounds checking, use functions that limit length, or ensure that the size is larger than the maximum possible length",,CWE-119!/CWE-120,static char tn[MAX_FNAME];,9fe975bab8b7c5aa486db201bce42c158667b664c270db61f8bcafee27fe7b23
/home/capstone/Desktop/root/cron-3.0pl1/crontab.c,804,2,2,buffer,char,"Statically-sized arrays can be improperly restricted, leading to potential overflows or other issues (CWE-119!/CWE-120)","Perform bounds checking, use functions that limit length, or ensure that the size is larger than the maximum possible length",,CWE-119!/CWE-120,"	char	n[MAX_FNAME], envstr[MAX_ENVSTR];",2fa9255fc7df60c2b83fb6eeb118ce0e81567b85d3c1e45df94494bdde9b11ec
/home/capstone/Desktop/root/cron-3.0pl1/crontab.c,830,7,2,tmpfile,mkstemp,"Potential for temporary file vulnerability in some circumstances.  Some older Unix-like systems create temp files with permission to write by all by default, so be sure to set the umask to override this. Also, some older Unix systems might fail to use O_EXCL when opening the file, so make sure that O_EXCL is used by the library (CWE-377)",,,CWE-377,	fd = mkstemp(tn);,083ff5d8cb351a05b85d5c8db27c40fc4cf2954e7ffab190683331225ebdf98f
/home/capstone/Desktop/root/cron-3.0pl1/database.c,71,2,2,buffer,char,"Statically-sized arrays can be improperly restricted, leading to potential overflows or other issues (CWE-119!/CWE-120)","Perform bounds checking, use functions that limit length, or ensure that the size is larger than the maximum possible length",,CWE-119!/CWE-120,	char		syscrond_fname[PATH_MAX+1];,7f974957021420d26417d699a0c8644af7bd4adfe99a6b7168b0c3293d71391f
/home/capstone/Desktop/root/cron-3.0pl1/database.c,175,3,2,buffer,char,"Statically-sized arrays can be improperly restricted, leading to potential overflows or other issues (CWE-119!/CWE-120)","Perform bounds checking, use functions that limit length, or ensure that the size is larger than the maximum possible length",,CWE-119!/CWE-120,"		char	fname[MAXNAMLEN+1],",a28e20ade5bff8f35f607acbfdf0c359a47be46c559c87d650dc6259e6fb96b2
/home/capstone/Desktop/root/cron-3.0pl1/database.c,194,10,2,buffer,strcpy,Does not check for buffer overflows when copying to destination [MS-banned] (CWE-120),"Consider using snprintf, strcpy_s, or strlcpy (warning: strncpy easily misused)",Risk is low because the source is a constant string.,CWE-120,"		(void) strcpy(fname,""*system*"");",5ba6e13b73ebc143c73ce9da75a5584869ddfe67f62ac0fd04a959537154907f
/home/capstone/Desktop/root/cron-3.0pl1/database.c,216,3,2,buffer,char,"Statically-sized arrays can be improperly restricted, leading to potential overflows or other issues (CWE-119!/CWE-120)","Perform bounds checking, use functions that limit length, or ensure that the size is larger than the maximum possible length",,CWE-119!/CWE-120,"		char	fname[MAXNAMLEN+1],",a28e20ade5bff8f35f607acbfdf0c359a47be46c559c87d650dc6259e6fb96b2
/home/capstone/Desktop/root/cron-3.0pl1/database.c,334,21,2,misc,open,"Check when opening files - can an attacker redirect it (via symlinks), force the opening of special file type (e.g., device files), move things around to create a race condition, control its ancestors, or change its contents? (CWE-362)",,,CWE-362,"		if ((crontab_fd = open(tabname, O_RDONLY|O_NOFOLLOW, 0)) < OK) {",d9f7774ee88e5a85cbfb3fd7bca7bba564fc827c078892894444866a632ebb01
/home/capstone/Desktop/root/cron-3.0pl1/database.c,385,21,2,misc,open,"Check when opening files - can an attacker redirect it (via symlinks), force the opening of special file type (e.g., device files), move things around to create a race condition, control its ancestors, or change its contents? (CWE-362)",,,CWE-362,"		if ((crontab_fd = open(tabname, O_RDONLY, 0)) < OK) {",e6776e5a58c6cdc3d0692c32c84dfa484da501d2540e5e71057aa93558be4d6a
/home/capstone/Desktop/root/cron-3.0pl1/do_command.c,190,16,2,tmpfile,tmpfile,"Function tmpfile() has a security flaw on some systems (e.g., older System V systems) (CWE-377)",,,CWE-377,	if ((tmpout = tmpfile()) == NULL) {,bc59d7cd0c7ff73a54a2edb14e6bd5448d778362e8f25e4b27b261cd6469e787
/home/capstone/Desktop/root/cron-3.0pl1/do_command.c,305,4,2,buffer,char,"Statically-sized arrays can be improperly restricted, leading to potential overflows or other issues (CWE-119!/CWE-120)","Perform bounds checking, use functions that limit length, or ensure that the size is larger than the maximum possible length",,CWE-119!/CWE-120,			char msg[256];,328b4022906af0cf292768241851035f7b1595a1963f69bf08075cc4ad08c78c
/home/capstone/Desktop/root/cron-3.0pl1/do_command.c,313,4,2,buffer,char,"Statically-sized arrays can be improperly restricted, leading to potential overflows or other issues (CWE-119!/CWE-120)","Perform bounds checking, use functions that limit length, or ensure that the size is larger than the maximum possible length",,CWE-119!/CWE-120,			char msg[256];,328b4022906af0cf292768241851035f7b1595a1963f69bf08075cc4ad08c78c
/home/capstone/Desktop/root/cron-3.0pl1/do_command.c,321,4,2,buffer,char,"Statically-sized arrays can be improperly restricted, leading to potential overflows or other issues (CWE-119!/CWE-120)","Perform bounds checking, use functions that limit length, or ensure that the size is larger than the maximum possible length",,CWE-119!/CWE-120,			char msg[256];,328b4022906af0cf292768241851035f7b1595a1963f69bf08075cc4ad08c78c
/home/capstone/Desktop/root/cron-3.0pl1/do_command.c,372,4,2,buffer,char,"Statically-sized arrays can be improperly restricted, leading to potential overflows or other issues (CWE-119!/CWE-120)","Perform bounds checking, use functions that limit length, or ensure that the size is larger than the maximum possible length",,CWE-119!/CWE-120,			char logcmd[MAX_COMMAND + 8];,db10d76e1cceadf33bc0429793868ecd6ff0bff1fc92580710314ba775faef7d
/home/capstone/Desktop/root/cron-3.0pl1/do_command.c,465,3,2,buffer,char,"Statically-sized arrays can be improperly restricted, leading to potential overflows or other issues (CWE-119!/CWE-120)","Perform bounds checking, use functions that limit length, or ensure that the size is larger than the maximum possible length",,CWE-119!/CWE-120,		char		msg[256];,89401707025bded49dd9c7777b4ae4b350300842199e747b717572f12a7727c8
/home/capstone/Desktop/root/cron-3.0pl1/do_command.c,534,7,2,buffer,char,"Statically-sized arrays can be improperly restricted, leading to potential overflows or other issues (CWE-119!/CWE-120)","Perform bounds checking, use functions that limit length, or ensure that the size is larger than the maximum possible length",,CWE-119!/CWE-120,	auto char	mailcmd[MAX_COMMAND];,24f33978bc158f7618abd75c079ea5e3fc688d8142be09a669b3002a61d5d7f6
/home/capstone/Desktop/root/cron-3.0pl1/do_command.c,535,7,2,buffer,char,"Statically-sized arrays can be improperly restricted, leading to potential overflows or other issues (CWE-119!/CWE-120)","Perform bounds checking, use functions that limit length, or ensure that the size is larger than the maximum possible length",,CWE-119!/CWE-120,	auto char	hostname[MAXHOSTNAMELEN];,2e417d4d60b92e5eddb5703ca39776c64ad348ea791a111089b4e98d190b83b2
/home/capstone/Desktop/root/cron-3.0pl1/do_command.c,599,2,2,buffer,char,"Statically-sized arrays can be improperly restricted, leading to potential overflows or other issues (CWE-119!/CWE-120)","Perform bounds checking, use functions that limit length, or ensure that the size is larger than the maximum possible length",,CWE-119!/CWE-120,	char buf[4096];,a389579473b54dc7c8589adb0f5b910e8b3913fd32e00187ed9e10200a097378
/home/capstone/Desktop/root/cron-3.0pl1/do_command.c,625,3,2,buffer,char,"Statically-sized arrays can be improperly restricted, leading to potential overflows or other issues (CWE-119!/CWE-120)","Perform bounds checking, use functions that limit length, or ensure that the size is larger than the maximum possible length",,CWE-119!/CWE-120,		char buf[MAX_TEMPSTR];,4129b1091bd03a4094c1dfb36480a312b0219a2d3c5cafa844a506f7887176f9
/home/capstone/Desktop/root/cron-3.0pl1/do_command.c,643,4,2,buffer,char,"Statically-sized arrays can be improperly restricted, leading to potential overflows or other issues (CWE-119!/CWE-120)","Perform bounds checking, use functions that limit length, or ensure that the size is larger than the maximum possible length",,CWE-119!/CWE-120,			char logcmd[MAX_COMMAND + 8];,db10d76e1cceadf33bc0429793868ecd6ff0bff1fc92580710314ba775faef7d
/home/capstone/Desktop/root/cron-3.0pl1/entry.c,93,2,2,buffer,char,"Statically-sized arrays can be improperly restricted, leading to potential overflows or other issues (CWE-119!/CWE-120)","Perform bounds checking, use functions that limit length, or ensure that the size is larger than the maximum possible length",,CWE-119!/CWE-120,	char	cmd[MAX_COMMAND];,9f8209f7d33841dedd48ea96c138eb51bf21b499905ed2598a36f8a758c1b144
/home/capstone/Desktop/root/cron-3.0pl1/entry.c,94,2,2,buffer,char,"Statically-sized arrays can be improperly restricted, leading to potential overflows or other issues (CWE-119!/CWE-120)","Perform bounds checking, use functions that limit length, or ensure that the size is larger than the maximum possible length",,CWE-119!/CWE-120,	char	envstr[MAX_ENVSTR];,ca8c6736b8c4296a30150cfbc0506442029041cd8c56f876cc47bf9d76c04daa
/home/capstone/Desktop/root/cron-3.0pl1/entry.c,532,2,2,buffer,char,"Statically-sized arrays can be improperly restricted, leading to potential overflows or other issues (CWE-119!/CWE-120)","Perform bounds checking, use functions that limit length, or ensure that the size is larger than the maximum possible length",,CWE-119!/CWE-120,"	char	temp[MAX_TEMPSTR], *pc;",e26731b4954c2076eff2f670cd1fdd0fc74f25d79213cf8d7e7ab71a2f540aa5
/home/capstone/Desktop/root/cron-3.0pl1/entry.c,575,13,2,integer,atoi,"Unless checked, the resulting number can exceed the expected range (CWE-190)","If source untrusted, check both minimum and maximum, even if the input had no minus sign (large numbers can roll over into negative number; consider saving to an unsigned value if that is intended)",,CWE-190,		*numptr = atoi(temp);,f1a4e6e9e6d3367f8978f410cd9cfeeb20608ee9efb19058dda03891dde5efd0
/home/capstone/Desktop/root/cron-3.0pl1/env.c,155,2,2,buffer,char,"Statically-sized arrays can be improperly restricted, leading to potential overflows or other issues (CWE-119!/CWE-120)","Perform bounds checking, use functions that limit length, or ensure that the size is larger than the maximum possible length",,CWE-119!/CWE-120,"	char name[MAX_ENVSTR], val[MAX_ENVSTR];",35b458fe99e0736b26543ac2cdd4cdce3a02abbd96c05c8fef06556a2dad3864
/home/capstone/Desktop/root/cron-3.0pl1/externs.h,27,8,2,buffer,char,"Statically-sized arrays can be improperly restricted, leading to potential overflows or other issues (CWE-119!/CWE-120)","Perform bounds checking, use functions that limit length, or ensure that the size is larger than the maximum possible length",,CWE-119!/CWE-120,extern char *tzname[2];,90e8f443b4404910895297ce90e42eedd8e6ef3ed7aa365a7b1a17508ddaf5fb
/home/capstone/Desktop/root/cron-3.0pl1/externs.h,150,15,2,race,vfork,"On some old systems, vfork() permits race conditions, and it's very difficult to use correctly (CWE-362)",Use fork() instead,,CWE-362,extern	PID_T		vfork __P((void));,8b937b6ad4177ae16e0317f75a2bfba31464c9f676c590ece0bbec9b3769e53f
/home/capstone/Desktop/root/cron-3.0pl1/misc.c,295,3,2,buffer,char,"Statically-sized arrays can be improperly restricted, leading to potential overflows or other issues (CWE-119!/CWE-120)","Perform bounds checking, use functions that limit length, or ensure that the size is larger than the maximum possible length",,CWE-119!/CWE-120,		char	pidfile[MAX_FNAME];,058b21923853311567f0c729449aa23145d26120d5029ecbad3723f5f8f97f85
/home/capstone/Desktop/root/cron-3.0pl1/misc.c,296,3,2,buffer,char,"Statically-sized arrays can be improperly restricted, leading to potential overflows or other issues (CWE-119!/CWE-120)","Perform bounds checking, use functions that limit length, or ensure that the size is larger than the maximum possible length",,CWE-119!/CWE-120,		char	buf[MAX_TEMPSTR];,f64546db5e97cfee227f249ec7fbf0811b582b5f956b9941f1a64c3d77ec2b20
/home/capstone/Desktop/root/cron-3.0pl1/misc.c,300,20,2,misc,open,"Check when opening files - can an attacker redirect it (via symlinks), force the opening of special file type (e.g., device files), move things around to create a race condition, control its ancestors, or change its contents? (CWE-362)",,,CWE-362,"		if ((-1 == (fd = open(pidfile, O_RDWR|O_CREAT, 0644)))",2727d278d764c694f2205b2f2046bdb17c728ae0bba1133b0857e8df9a16f6e7
/home/capstone/Desktop/root/cron-3.0pl1/misc.c,441,2,2,buffer,char,"Statically-sized arrays can be improperly restricted, leading to potential overflows or other issues (CWE-119!/CWE-120)","Perform bounds checking, use functions that limit length, or ensure that the size is larger than the maximum possible length",,CWE-119!/CWE-120,	char line[MAX_TEMPSTR];,9454b71c8cf346c5b4d91106167978c09d81c7bb2a7ce3abe94feb0f8c2fc082
/home/capstone/Desktop/root/cron-3.0pl1/misc.c,479,11,2,misc,fopen,"Check when opening files - can an attacker redirect it (via symlinks), force the opening of special file type (e.g., device files), move things around to create a race condition, control its ancestors, or change its contents? (CWE-362)",,,CWE-362,"		allow = fopen(ALLOW_FILE, ""r"");",d2246eb08e836a2e9764b4a6a4e80835b9d5516b2bfdfce5d950f2a0ef7730b1
/home/capstone/Desktop/root/cron-3.0pl1/misc.c,489,10,2,misc,fopen,"Check when opening files - can an attacker redirect it (via symlinks), force the opening of special file type (e.g., device files), move things around to create a race condition, control its ancestors, or change its contents? (CWE-362)",,,CWE-362,"		deny = fopen(DENY_FILE, ""r"");",fabb8e97f50af9486c73fe3d0e16f32cc84943172f54628e60212e52bd9cc803
/home/capstone/Desktop/root/cron-3.0pl1/misc.c,552,11,2,misc,open,"Check when opening files - can an attacker redirect it (via symlinks), force the opening of special file type (e.g., device files), move things around to create a race condition, control its ancestors, or change its contents? (CWE-362)",,,CWE-362,"		LogFD = open(LOG_FILE, O_WRONLY|O_APPEND|O_CREAT, 0600);",c24ddd423e2546ac103ef79d7a40eb9434d1b1d131610bb4c9c37721bfc093b9
/home/capstone/Desktop/root/cron-3.0pl1/misc.c,625,9,2,buffer,char,"Statically-sized arrays can be improperly restricted, leading to potential overflows or other issues (CWE-119!/CWE-120)","Perform bounds checking, use functions that limit length, or ensure that the size is larger than the maximum possible length",,CWE-119!/CWE-120,	static char retbuf[2][MAX_TEMPSTR + 1];	/* sure wish C had GC */,c01d2a022d9ffb92383baab8f98e536a492b9267d770b78197a969440f9c60fa
/home/capstone/Desktop/root/cron-3.0pl1/misc.c,707,9,2,buffer,char,"Statically-sized arrays can be improperly restricted, leading to potential overflows or other issues (CWE-119!/CWE-120)","Perform bounds checking, use functions that limit length, or ensure that the size is larger than the maximum possible length",,CWE-119!/CWE-120,	static char ret[64];	/* zone name might be >3 chars */,ef8f61089e4145bdb4cf7ad37aa80bddf9cfb795cc65cb6b782b226c16da736c
/home/capstone/Desktop/root/cron-3.0pl1/popen.c,59,2,2,buffer,char,"Statically-sized arrays can be improperly restricted, leading to potential overflows or other issues (CWE-119!/CWE-120)","Perform bounds checking, use functions that limit length, or ensure that the size is larger than the maximum possible length",,CWE-119!/CWE-120,	char *argv[MAX_ARGS + 1];,01d49251604f8e46c69d3dc7dc3959e2ae64001fe606676eeaacd756c6fcfbd9
/home/capstone/Desktop/root/cron-3.0pl1/popen.c,61,2,2,buffer,char,"Statically-sized arrays can be improperly restricted, leading to potential overflows or other issues (CWE-119!/CWE-120)","Perform bounds checking, use functions that limit length, or ensure that the size is larger than the maximum possible length",,CWE-119!/CWE-120,"	char **pop, *vv[2];",bb718f9cf841c5a741e1f3aa93d57b79ce2d6a93d9647b6e1089008c533baa3b
/home/capstone/Desktop/root/cron-3.0pl1/popen.c,63,2,2,buffer,char,"Statically-sized arrays can be improperly restricted, leading to potential overflows or other issues (CWE-119!/CWE-120)","Perform bounds checking, use functions that limit length, or ensure that the size is larger than the maximum possible length",,CWE-119!/CWE-120,	char *gargv[1000];,d28d5915113c6d95cfba9103e58e32ce537c6115bbe7aa8ed2d6abd4e81b574f
/home/capstone/Desktop/root/cron-3.0pl1/popen.c,128,4,2,buffer,char,"Statically-sized arrays can be improperly restricted, leading to potential overflows or other issues (CWE-119!/CWE-120)","Perform bounds checking, use functions that limit length, or ensure that the size is larger than the maximum possible length",,CWE-119!/CWE-120,			char msg[256];,328b4022906af0cf292768241851035f7b1595a1963f69bf08075cc4ad08c78c
/home/capstone/Desktop/root/cron-3.0pl1/popen.c,136,4,2,buffer,char,"Statically-sized arrays can be improperly restricted, leading to potential overflows or other issues (CWE-119!/CWE-120)","Perform bounds checking, use functions that limit length, or ensure that the size is larger than the maximum possible length",,CWE-119!/CWE-120,			char msg[256];,328b4022906af0cf292768241851035f7b1595a1963f69bf08075cc4ad08c78c
/home/capstone/Desktop/root/cron-3.0pl1/popen.c,144,4,2,buffer,char,"Statically-sized arrays can be improperly restricted, leading to potential overflows or other issues (CWE-119!/CWE-120)","Perform bounds checking, use functions that limit length, or ensure that the size is larger than the maximum possible length",,CWE-119!/CWE-120,			char msg[256];,328b4022906af0cf292768241851035f7b1595a1963f69bf08075cc4ad08c78c
/home/capstone/Desktop/root/cron-3.0pl1/popen.c,172,9,2,buffer,char,"Statically-sized arrays can be improperly restricted, leading to potential overflows or other issues (CWE-119!/CWE-120)","Perform bounds checking, use functions that limit length, or ensure that the size is larger than the maximum possible length",,CWE-119!/CWE-120,		free((char *)argv[argc]);,7e5a2462178752c9cb5e10e96edb7b8df480cccaf790c256e69a4c34d4082b60
/home/capstone/Desktop/root/cron-3.0pl1/user.c,209,2,2,buffer,char,"Statically-sized arrays can be improperly restricted, leading to potential overflows or other issues (CWE-119!/CWE-120)","Perform bounds checking, use functions that limit length, or ensure that the size is larger than the maximum possible length",,CWE-119!/CWE-120,	char	envstr[MAX_ENVSTR];,ca8c6736b8c4296a30150cfbc0506442029041cd8c56f876cc47bf9d76c04daa
/home/capstone/Desktop/root/cron-3.0pl1/compat.c,56,21,1,buffer,strlen,Does not handle strings that are not \0-terminated; if given one it may perform an over-read (it could cause a crash if unprotected) (CWE-126),,,CWE-126,	if ((temp = malloc(strlen(str) + 1)) == NULL) {,10a87d84de1397e513d244c210085417898aa2f2c29230e1281fe24ac7605515
/home/capstone/Desktop/root/cron-3.0pl1/compat.c,229,13,1,buffer,strlen,Does not handle strings that are not \0-terminated; if given one it may perform an over-read (it could cause a crash if unprotected) (CWE-126),,,CWE-126,	tmp_size = strlen(name) + strlen(value) + 2;,ab75ac3141d5c848d9c8d45e1a9c3c3035ba61e950634b974460be11fc6e3d6a
/home/capstone/Desktop/root/cron-3.0pl1/compat.c,229,28,1,buffer,strlen,Does not handle strings that are not \0-terminated; if given one it may perform an over-read (it could cause a crash if unprotected) (CWE-126),,,CWE-126,	tmp_size = strlen(name) + strlen(value) + 2;,ab75ac3141d5c848d9c8d45e1a9c3c3035ba61e950634b974460be11fc6e3d6a
/home/capstone/Desktop/root/cron-3.0pl1/cron.c,110,3,1,buffer,strncpy,Easily used incorrectly; doesn't always \0-terminate or check for invalid pointers [MS-banned] (CWE-120),,,CWE-120,"		strncpy(cron_default_mail_charset, cs, MAX_ENVSTR);",71c74c3a8e1293f862c68be21802eff5eb66273900cc1f8fac338da8246be5ec
/home/capstone/Desktop/root/cron-3.0pl1/crontab.c,243,11,1,buffer,strncpy,Easily used incorrectly; doesn't always \0-terminate or check for invalid pointers [MS-banned] (CWE-120),,,CWE-120,"			(void) strncpy (Filename, argv[optind], (sizeof Filename)-1);",f6a5ced9b40db8e07ce3121995f27f8a6b6f2c72fd1ed5b008b32ef66925e8ae
/home/capstone/Desktop/root/cron-3.0pl1/crontab.c,420,32,1,buffer,strlen,Does not handle strings that are not \0-terminated; if given one it may perform an over-read (it could cause a crash if unprotected) (CWE-126),,,CWE-126,"	if ((tmp=getenv(""TMPDIR"")) && strlen(tmp) < MAX_FNAME) {",7f5374e21b51d43b085a94cd4b59d7d03158604c7c8e233ad2ef51d648563751
/home/capstone/Desktop/root/cron-3.0pl1/crontab.c,426,6,1,buffer,strlen,Does not handle strings that are not \0-terminated; if given one it may perform an over-read (it could cause a crash if unprotected) (CWE-126),,,CWE-126,	if (strlen(Directory) + strlen(template) < MAX_FNAME) {,808186a69fc2d01b156ba71fc06195240634717d06631347a1d64e04f1ddb694
/home/capstone/Desktop/root/cron-3.0pl1/crontab.c,426,26,1,buffer,strlen,Does not handle strings that are not \0-terminated; if given one it may perform an over-read (it could cause a crash if unprotected) (CWE-126),,,CWE-126,	if (strlen(Directory) + strlen(template) < MAX_FNAME) {,808186a69fc2d01b156ba71fc06195240634717d06631347a1d64e04f1ddb694
/home/capstone/Desktop/root/cron-3.0pl1/crontab.c,570,7,1,access,umask,"Ensure that umask is given most restrictive possible setting (e.g., 066 or 077) (CWE-732)",,,CWE-732,	um = umask(077);,5707b69d388a17fd2a2ab3b68c3210e711d380647b6e289158fcdc234fa5d73a
/home/capstone/Desktop/root/cron-3.0pl1/crontab.c,574,24,1,access,umask,"Ensure that umask is given most restrictive possible setting (e.g., 066 or 077) (CWE-732)",,,CWE-732,                (void) umask(um);,32e22f163e50f563dbfae5e1b8f8e8896ea80f2986905fe94017a0941c6facd0
/home/capstone/Desktop/root/cron-3.0pl1/crontab.c,578,9,1,access,umask,"Ensure that umask is given most restrictive possible setting (e.g., 066 or 077) (CWE-732)",,,CWE-732,	(void) umask(um);,32e22f163e50f563dbfae5e1b8f8e8896ea80f2986905fe94017a0941c6facd0
/home/capstone/Desktop/root/cron-3.0pl1/crontab.c,645,40,1,buffer,strlen,Does not handle strings that are not \0-terminated; if given one it may perform an over-read (it could cause a crash if unprotected) (CWE-126),,,CWE-126,"	if ((!((editor = getenv(""VISUAL"")) && strlen(editor)))",0ca636c4e2f4563f6dab21d026678a2ab683aba49f6425701de7e5745292d92d
/home/capstone/Desktop/root/cron-3.0pl1/crontab.c,646,40,1,buffer,strlen,Does not handle strings that are not \0-terminated; if given one it may perform an over-read (it could cause a crash if unprotected) (CWE-126),,,CWE-126,"	 && (!((editor = getenv(""EDITOR"")) && strlen(editor)))",92fa723b15ae1c7e91ada7496975e34c5201f51637bbc437482d6a306814592c
/home/capstone/Desktop/root/cron-3.0pl1/crontab.c,684,7,1,buffer,strlen,Does not handle strings that are not \0-terminated; if given one it may perform an over-read (it could cause a crash if unprotected) (CWE-126),,,CWE-126,		if (strlen(editor) + strlen(Filename) + 2 >= MAX_TEMPSTR) {,a05f538aa574523926ff336632400247fdb491d6d3a886e071ca604950eb5b79
/home/capstone/Desktop/root/cron-3.0pl1/crontab.c,684,24,1,buffer,strlen,Does not handle strings that are not \0-terminated; if given one it may perform an over-read (it could cause a crash if unprotected) (CWE-126),,,CWE-126,		if (strlen(editor) + strlen(Filename) + 2 >= MAX_TEMPSTR) {,a05f538aa574523926ff336632400247fdb491d6d3a886e071ca604950eb5b79
/home/capstone/Desktop/root/cron-3.0pl1/crontab.c,829,7,1,access,umask,"Ensure that umask is given most restrictive possible setting (e.g., 066 or 077) (CWE-732)",,,CWE-732,	um = umask(077);,5707b69d388a17fd2a2ab3b68c3210e711d380647b6e289158fcdc234fa5d73a
/home/capstone/Desktop/root/cron-3.0pl1/crontab.c,840,9,1,access,umask,"Ensure that umask is given most restrictive possible setting (e.g., 066 or 077) (CWE-732)",,,CWE-732,	(void) umask(um);,32e22f163e50f563dbfae5e1b8f8e8896ea80f2986905fe94017a0941c6facd0
/home/capstone/Desktop/root/cron-3.0pl1/do_command.c,262,41,1,buffer,strlen,Does not handle strings that are not \0-terminated; if given one it may perform an over-read (it could cause a crash if unprotected) (CWE-126),,,CWE-126,"			char *x = mkprints((u_char *)e->cmd, strlen(e->cmd));",e70c16da8d7e86f4d550f8061ea8f65362f042ed47219d4d83ed29cb3b07e16b
/home/capstone/Desktop/root/cron-3.0pl1/do_command.c,374,41,1,buffer,strlen,Does not handle strings that are not \0-terminated; if given one it may perform an over-read (it could cause a crash if unprotected) (CWE-126),,,CWE-126,"			char *x = mkprints((u_char *)logcmd, strlen(logcmd));",2b9be9dcc1f48123048d20d74ec707de7aa13c6fb4d2033e48c8c92d4c113c64
/home/capstone/Desktop/root/cron-3.0pl1/do_command.c,567,18,1,buffer,strlen,Does not handle strings that are not \0-terminated; if given one it may perform an over-read (it could cause a crash if unprotected) (CWE-126),,,CWE-126,		size_t ctlen = strlen(content_type);,1b4ddd327bff39835148586ecdd906f674537bbc9d373c3b5e7869495ddfdecf
/home/capstone/Desktop/root/cron-3.0pl1/do_command.c,579,18,1,buffer,strlen,Does not handle strings that are not \0-terminated; if given one it may perform an over-read (it could cause a crash if unprotected) (CWE-126),,,CWE-126,		size_t ctlen = strlen(content_transfer_encoding);,1d24e4c164a46ea1d434e1334ff9dc52ab65f1f9032950301cd0aea32f38e674
/home/capstone/Desktop/root/cron-3.0pl1/do_command.c,645,35,1,buffer,strlen,Does not handle strings that are not \0-terminated; if given one it may perform an over-read (it could cause a crash if unprotected) (CWE-126),,,CWE-126,"			x = mkprints((u_char *)logcmd, strlen(logcmd));",88827fb2af11aacb4a9ccde2b875e2925a6ad36f175aad154cd9946c815282f0
/home/capstone/Desktop/root/cron-3.0pl1/do_command.c,647,35,1,buffer,strlen,Does not handle strings that are not \0-terminated; if given one it may perform an over-read (it could cause a crash if unprotected) (CWE-126),,,CWE-126,"			x = mkprints((u_char *)e->cmd, strlen(e->cmd));",b28a0dfaca5b415aa8cff799d4729fbd1b8618281159837339883d595d7ebb21
/home/capstone/Desktop/root/cron-3.0pl1/env.c,242,13,1,buffer,strlen,Does not handle strings that are not \0-terminated; if given one it may perform an over-read (it could cause a crash if unprotected) (CWE-126),,,CWE-126,		c = val + strlen(val);,1a7c13a0444c4533e174ba23cfe45ae272b0d7525ae4f223d5a702236c372d08
/home/capstone/Desktop/root/cron-3.0pl1/env.c,266,6,1,buffer,strlen,Does not handle strings that are not \0-terminated; if given one it may perform an over-read (it could cause a crash if unprotected) (CWE-126),,,CWE-126,	if (strlen(name) + 1 + strlen(val) >= MAX_ENVSTR-1),5bfc3b9da01dc8f35177dba0505c8daed383b6b6f3570c3fdb3fbb3e3408653f
/home/capstone/Desktop/root/cron-3.0pl1/env.c,266,25,1,buffer,strlen,Does not handle strings that are not \0-terminated; if given one it may perform an over-read (it could cause a crash if unprotected) (CWE-126),,,CWE-126,	if (strlen(name) + 1 + strlen(val) >= MAX_ENVSTR-1),5bfc3b9da01dc8f35177dba0505c8daed383b6b6f3570c3fdb3fbb3e3408653f
/home/capstone/Desktop/root/cron-3.0pl1/env.c,278,21,1,buffer,strlen,Does not handle strings that are not \0-terminated; if given one it may perform an over-read (it could cause a crash if unprotected) (CWE-126),,,CWE-126,	register int	len = strlen(name);,df0f7d44c671b62373f4174e3e664c4d24c65c7f715ac67d9d74ac16743c496e
/home/capstone/Desktop/root/cron-3.0pl1/misc.c,211,8,1,access,umask,"Ensure that umask is given most restrictive possible setting (e.g., 066 or 077) (CWE-732)",,,CWE-732,		um = umask(000);,10670575d9a140bdd7b835e0a2906227c8ac662e18fc99abaf147178448e94e0
/home/capstone/Desktop/root/cron-3.0pl1/misc.c,219,10,1,access,umask,"Ensure that umask is given most restrictive possible setting (e.g., 066 or 077) (CWE-732)",,,CWE-732,		(void) umask(um);,32e22f163e50f563dbfae5e1b8f8e8896ea80f2986905fe94017a0941c6facd0
/home/capstone/Desktop/root/cron-3.0pl1/misc.c,241,8,1,access,umask,"Ensure that umask is given most restrictive possible setting (e.g., 066 or 077) (CWE-732)",,,CWE-732,		um = umask(000);,10670575d9a140bdd7b835e0a2906227c8ac662e18fc99abaf147178448e94e0
/home/capstone/Desktop/root/cron-3.0pl1/misc.c,249,10,1,access,umask,"Ensure that umask is given most restrictive possible setting (e.g., 066 or 077) (CWE-732)",,,CWE-732,		(void) umask(um);,32e22f163e50f563dbfae5e1b8f8e8896ea80f2986905fe94017a0941c6facd0
/home/capstone/Desktop/root/cron-3.0pl1/misc.c,343,7,1,buffer,getc,"Check buffer boundaries if used in a loop including recursive loops (CWE-120, CWE-20)",,,"CWE-120, CWE-20",	ch = getc(file);,29502bf666ef1dc33c072db97563dbba69ab300e894eaa29e9c0ae03d847a796
/home/capstone/Desktop/root/cron-3.0pl1/misc.c,446,9,1,buffer,strlen,Does not handle strings that are not \0-terminated; if given one it may perform an over-read (it could cause a crash if unprotected) (CWE-126),,,CWE-126,			line[strlen(line)-1] = '\0';,ecee5b872c3617fe44e8f957b0a8bc2f16230b64aa78c562cccafb83b28792fb
/home/capstone/Desktop/root/cron-3.0pl1/misc.c,543,13,1,buffer,strlen,Does not handle strings that are not \0-terminated; if given one it may perform an over-read (it could cause a crash if unprotected) (CWE-126),,,CWE-126,	msg_size = strlen(username) + strlen(event) + strlen(detail) + MAX_TEMPSTR;,ac9a221bb843e38f5c6fca8026dd09ed83ce3be49079f3d1f3a4f047d4d41878
/home/capstone/Desktop/root/cron-3.0pl1/misc.c,543,32,1,buffer,strlen,Does not handle strings that are not \0-terminated; if given one it may perform an over-read (it could cause a crash if unprotected) (CWE-126),,,CWE-126,	msg_size = strlen(username) + strlen(event) + strlen(detail) + MAX_TEMPSTR;,ac9a221bb843e38f5c6fca8026dd09ed83ce3be49079f3d1f3a4f047d4d41878
/home/capstone/Desktop/root/cron-3.0pl1/misc.c,543,48,1,buffer,strlen,Does not handle strings that are not \0-terminated; if given one it may perform an over-read (it could cause a crash if unprotected) (CWE-126),,,CWE-126,	msg_size = strlen(username) + strlen(event) + strlen(detail) + MAX_TEMPSTR;,ac9a221bb843e38f5c6fca8026dd09ed83ce3be49079f3d1f3a4f047d4d41878
/home/capstone/Desktop/root/cron-3.0pl1/misc.c,572,38,1,buffer,strlen,Does not handle strings that are not \0-terminated; if given one it may perform an over-read (it could cause a crash if unprotected) (CWE-126),,,CWE-126,"	if (LogFD < OK || write(LogFD, msg, strlen(msg)) < OK) {",c54f506de13b49e59f320ebad576b0abf80efaccb1d9cf429af7be8e04f31961
/home/capstone/Desktop/root/cron-3.0pl1/misc.c,576,22,1,buffer,strlen,Does not handle strings that are not \0-terminated; if given one it may perform an over-read (it could cause a crash if unprotected) (CWE-126),,,CWE-126,"		write(STDERR, msg, strlen(msg));",c53cf65946505525722102e36de7733218953cc7ed2a8efd068d08a095dfe562
